{
    "car_mass": 1000.2410328606153,
    "car_max_steer": 0.26085360439280897,
    "car_lf": 1.369699835045221,
    "car_lr": 1.358956876190939,
    "car_inertia": 2997.481168719815,
    "wheel_Bf": 18.73942209071941,
    "wheel_Cf": -1.4082111198290383,
    "wheel_Df": 6580.1298834802865,
    "wheel_Br": 29.972722970065902,
    "wheel_Cr": -1.0624709228856863,
    "wheel_Dr": 7152.605909789214,
    "drivetrain.car_Tm0": 6531.973555670482,
    "drivetrain.car_Tm1": 68.06530604464311,
    "drivetrain.car_Tr0": 726.9925755381214,
    "drivetrain.car_Tr1": -0.04955718215660837,
    "drivetrain.car_Tr2": 1.9059807741316992
}